date,meal_type,food_item,pred_footfall,qty_kg_needed
2024-01-01,Breakfast,Rice/Upma,177.88,35.58
2024-01-01,Breakfast,Dal/Curry,177.88,26.68
2024-01-01,Breakfast,Bread,177.88,17.79
2024-01-01,Dinner,Rice,414.11,124.23
2024-01-01,Dinner,Dal,414.11,82.82
2024-01-01,Dinner,Sabzi,414.11,62.12
2024-01-01,Dinner,Roti,414.11,49.69
2024-01-01,Lunch,Rice,359.8,125.93
2024-01-01,Lunch,Dal,359.8,71.96
2024-01-01,Lunch,Sabzi,359.8,53.97
2024-01-01,Lunch,Roti,359.8,43.18
2024-01-01,Snacks,Tea,199.43,29.91
2024-01-01,Snacks,Snack Item,199.43,19.94
2024-01-02,Breakfast,Rice/Upma,173.36,34.67
2024-01-02,Breakfast,Dal/Curry,173.36,26.0
2024-01-02,Breakfast,Bread,173.36,17.34
2024-01-02,Dinner,Rice,403.84,121.15
2024-01-02,Dinner,Dal,403.84,80.77
2024-01-02,Dinner,Sabzi,403.84,60.58
2024-01-02,Dinner,Roti,403.84,48.46
2024-01-02,Lunch,Rice,374.98,131.24
2024-01-02,Lunch,Dal,374.98,75.0
2024-01-02,Lunch,Sabzi,374.98,56.25
2024-01-02,Lunch,Roti,374.98,45.0
2024-01-02,Snacks,Tea,222.53,33.38
2024-01-02,Snacks,Snack Item,222.53,22.25
2024-01-03,Breakfast,Rice/Upma,170.72,34.14
2024-01-03,Breakfast,Dal/Curry,170.72,25.61
2024-01-03,Breakfast,Bread,170.72,17.07
2024-01-03,Dinner,Rice,404.81,121.44
2024-01-03,Dinner,Dal,404.81,80.96
2024-01-03,Dinner,Sabzi,404.81,60.72
2024-01-03,Dinner,Roti,404.81,48.58
2024-01-03,Lunch,Rice,371.95,130.18
2024-01-03,Lunch,Dal,371.95,74.39
2024-01-03,Lunch,Sabzi,371.95,55.79
2024-01-03,Lunch,Roti,371.95,44.63
2024-01-03,Snacks,Tea,216.99,32.55
2024-01-03,Snacks,Snack Item,216.99,21.7
2024-01-04,Breakfast,Rice/Upma,168.66,33.73
2024-01-04,Breakfast,Dal/Curry,168.66,25.3
2024-01-04,Breakfast,Bread,168.66,16.87
2024-01-04,Dinner,Rice,427.99,128.4
2024-01-04,Dinner,Dal,427.99,85.6
2024-01-04,Dinner,Sabzi,427.99,64.2
2024-01-04,Dinner,Roti,427.99,51.36
2024-01-04,Lunch,Rice,375.9,131.56
2024-01-04,Lunch,Dal,375.9,75.18
2024-01-04,Lunch,Sabzi,375.9,56.38
2024-01-04,Lunch,Roti,375.9,45.11
2024-01-04,Snacks,Tea,213.37,32.01
2024-01-04,Snacks,Snack Item,213.37,21.34
2024-01-05,Breakfast,Rice/Upma,180.05,36.01
2024-01-05,Breakfast,Dal/Curry,180.05,27.01
2024-01-05,Breakfast,Bread,180.05,18.0
2024-01-05,Dinner,Rice,397.83,119.35
2024-01-05,Dinner,Dal,397.83,79.57
2024-01-05,Dinner,Sabzi,397.83,59.67
2024-01-05,Dinner,Roti,397.83,47.74
2024-01-05,Lunch,Rice,381.16,133.41
2024-01-05,Lunch,Dal,381.16,76.23
2024-01-05,Lunch,Sabzi,381.16,57.17
2024-01-05,Lunch,Roti,381.16,45.74
2024-01-05,Snacks,Tea,220.54,33.08
2024-01-05,Snacks,Snack Item,220.54,22.05
2024-01-06,Breakfast,Rice/Upma,174.2,34.84
2024-01-06,Breakfast,Dal/Curry,174.2,26.13
2024-01-06,Breakfast,Bread,174.2,17.42
2024-01-06,Dinner,Rice,415.9,124.77
2024-01-06,Dinner,Dal,415.9,83.18
2024-01-06,Dinner,Sabzi,415.9,62.38
2024-01-06,Dinner,Roti,415.9,49.91
2024-01-06,Lunch,Rice,372.34,130.32
2024-01-06,Lunch,Dal,372.34,74.47
2024-01-06,Lunch,Sabzi,372.34,55.85
2024-01-06,Lunch,Roti,372.34,44.68
2024-01-06,Snacks,Tea,227.64,34.15
2024-01-06,Snacks,Snack Item,227.64,22.76
2024-01-07,Breakfast,Rice/Upma,111.57,22.31
2024-01-07,Breakfast,Dal/Curry,111.57,16.74
2024-01-07,Breakfast,Bread,111.57,11.16
2024-01-07,Dinner,Rice,413.33,124.0
2024-01-07,Dinner,Dal,413.33,82.67
2024-01-07,Dinner,Sabzi,413.33,62.0
2024-01-07,Dinner,Roti,413.33,49.6
2024-01-07,Lunch,Rice,374.08,130.93
2024-01-07,Lunch,Dal,374.08,74.82
2024-01-07,Lunch,Sabzi,374.08,56.11
2024-01-07,Lunch,Roti,374.08,44.89
2024-01-07,Snacks,Tea,223.55,33.53
2024-01-07,Snacks,Snack Item,223.55,22.36
2024-01-08,Breakfast,Rice/Upma,177.15,35.43
2024-01-08,Breakfast,Dal/Curry,177.15,26.57
2024-01-08,Breakfast,Bread,177.15,17.72
2024-01-08,Dinner,Rice,416.43,124.93
2024-01-08,Dinner,Dal,416.43,83.29
2024-01-08,Dinner,Sabzi,416.43,62.46
2024-01-08,Dinner,Roti,416.43,49.97
2024-01-08,Lunch,Rice,380.56,133.2
2024-01-08,Lunch,Dal,380.56,76.11
2024-01-08,Lunch,Sabzi,380.56,57.08
2024-01-08,Lunch,Roti,380.56,45.67
2024-01-08,Snacks,Tea,224.19,33.63
2024-01-08,Snacks,Snack Item,224.19,22.42
2024-01-09,Breakfast,Rice/Upma,149.23,29.85
2024-01-09,Breakfast,Dal/Curry,149.23,22.38
2024-01-09,Breakfast,Bread,149.23,14.92
2024-01-09,Dinner,Rice,409.3,122.79
2024-01-09,Dinner,Dal,409.3,81.86
2024-01-09,Dinner,Sabzi,409.3,61.4
2024-01-09,Dinner,Roti,409.3,49.12
2024-01-09,Lunch,Rice,378.08,132.33
2024-01-09,Lunch,Dal,378.08,75.62
2024-01-09,Lunch,Sabzi,378.08,56.71
2024-01-09,Lunch,Roti,378.08,45.37
2024-01-09,Snacks,Tea,212.75,31.91
2024-01-09,Snacks,Snack Item,212.75,21.28
2024-01-10,Breakfast,Rice/Upma,158.96,31.79
2024-01-10,Breakfast,Dal/Curry,158.96,23.84
2024-01-10,Breakfast,Bread,158.96,15.9
2024-01-10,Dinner,Rice,399.89,119.97
2024-01-10,Dinner,Dal,399.89,79.98
2024-01-10,Dinner,Sabzi,399.89,59.98
2024-01-10,Dinner,Roti,399.89,47.99
2024-01-10,Lunch,Rice,375.74,131.51
2024-01-10,Lunch,Dal,375.74,75.15
2024-01-10,Lunch,Sabzi,375.74,56.36
2024-01-10,Lunch,Roti,375.74,45.09
2024-01-10,Snacks,Tea,224.03,33.6
2024-01-10,Snacks,Snack Item,224.03,22.4
2024-01-11,Breakfast,Rice/Upma,167.93,33.59
2024-01-11,Breakfast,Dal/Curry,167.93,25.19
2024-01-11,Breakfast,Bread,167.93,16.79
2024-01-11,Dinner,Rice,415.22,124.57
2024-01-11,Dinner,Dal,415.22,83.04
2024-01-11,Dinner,Sabzi,415.22,62.28
2024-01-11,Dinner,Roti,415.22,49.83
2024-01-11,Lunch,Rice,377.06,131.97
2024-01-11,Lunch,Dal,377.06,75.41
2024-01-11,Lunch,Sabzi,377.06,56.56
2024-01-11,Lunch,Roti,377.06,45.25
2024-01-11,Snacks,Tea,224.24,33.64
2024-01-11,Snacks,Snack Item,224.24,22.42
2024-01-12,Breakfast,Rice/Upma,177.5,35.5
2024-01-12,Breakfast,Dal/Curry,177.5,26.62
2024-01-12,Breakfast,Bread,177.5,17.75
2024-01-12,Dinner,Rice,413.32,124.0
2024-01-12,Dinner,Dal,413.32,82.66
2024-01-12,Dinner,Sabzi,413.32,62.0
2024-01-12,Dinner,Roti,413.32,49.6
2024-01-12,Lunch,Rice,370.17,129.56
2024-01-12,Lunch,Dal,370.17,74.03
2024-01-12,Lunch,Sabzi,370.17,55.53
2024-01-12,Lunch,Roti,370.17,44.42
2024-01-12,Snacks,Tea,225.33,33.8
2024-01-12,Snacks,Snack Item,225.33,22.53
2024-01-13,Breakfast,Rice/Upma,165.99,33.2
2024-01-13,Breakfast,Dal/Curry,165.99,24.9
2024-01-13,Breakfast,Bread,165.99,16.6
2024-01-13,Dinner,Rice,408.82,122.65
2024-01-13,Dinner,Dal,408.82,81.76
2024-01-13,Dinner,Sabzi,408.82,61.32
2024-01-13,Dinner,Roti,408.82,49.06
2024-01-13,Lunch,Rice,376.16,131.66
2024-01-13,Lunch,Dal,376.16,75.23
2024-01-13,Lunch,Sabzi,376.16,56.42
2024-01-13,Lunch,Roti,376.16,45.14
2024-01-13,Snacks,Tea,237.68,35.65
2024-01-13,Snacks,Snack Item,237.68,23.77
2024-01-14,Breakfast,Rice/Upma,102.52,20.5
2024-01-14,Breakfast,Dal/Curry,102.52,15.38
2024-01-14,Breakfast,Bread,102.52,10.25
2024-01-14,Dinner,Rice,412.24,123.67
2024-01-14,Dinner,Dal,412.24,82.45
2024-01-14,Dinner,Sabzi,412.24,61.84
2024-01-14,Dinner,Roti,412.24,49.47
2024-01-14,Lunch,Rice,382.96,134.04
2024-01-14,Lunch,Dal,382.96,76.59
2024-01-14,Lunch,Sabzi,382.96,57.44
2024-01-14,Lunch,Roti,382.96,45.96
2024-01-14,Snacks,Tea,218.11,32.72
2024-01-14,Snacks,Snack Item,218.11,21.81
2024-01-15,Breakfast,Rice/Upma,148.23,29.65
2024-01-15,Breakfast,Dal/Curry,148.23,22.23
2024-01-15,Breakfast,Bread,148.23,14.82
2024-01-15,Dinner,Rice,410.09,123.03
2024-01-15,Dinner,Dal,410.09,82.02
2024-01-15,Dinner,Sabzi,410.09,61.51
2024-01-15,Dinner,Roti,410.09,49.21
2024-01-15,Lunch,Rice,375.55,131.44
2024-01-15,Lunch,Dal,375.55,75.11
2024-01-15,Lunch,Sabzi,375.55,56.33
2024-01-15,Lunch,Roti,375.55,45.07
2024-01-15,Snacks,Tea,229.3,34.4
2024-01-15,Snacks,Snack Item,229.3,22.93
2024-01-16,Breakfast,Rice/Upma,171.5,34.3
2024-01-16,Breakfast,Dal/Curry,171.5,25.72
2024-01-16,Breakfast,Bread,171.5,17.15
2024-01-16,Dinner,Rice,403.18,120.95
2024-01-16,Dinner,Dal,403.18,80.64
2024-01-16,Dinner,Sabzi,403.18,60.48
2024-01-16,Dinner,Roti,403.18,48.38
2024-01-16,Lunch,Rice,376.08,131.63
2024-01-16,Lunch,Dal,376.08,75.22
2024-01-16,Lunch,Sabzi,376.08,56.41
2024-01-16,Lunch,Roti,376.08,45.13
2024-01-16,Snacks,Tea,230.29,34.54
2024-01-16,Snacks,Snack Item,230.29,23.03
2024-01-17,Breakfast,Rice/Upma,173.53,34.71
2024-01-17,Breakfast,Dal/Curry,173.53,26.03
2024-01-17,Breakfast,Bread,173.53,17.35
2024-01-17,Dinner,Rice,404.93,121.48
2024-01-17,Dinner,Dal,404.93,80.99
2024-01-17,Dinner,Sabzi,404.93,60.74
2024-01-17,Dinner,Roti,404.93,48.59
2024-01-17,Lunch,Rice,374.64,131.12
2024-01-17,Lunch,Dal,374.64,74.93
2024-01-17,Lunch,Sabzi,374.64,56.2
2024-01-17,Lunch,Roti,374.64,44.96
2024-01-17,Snacks,Tea,229.62,34.44
2024-01-17,Snacks,Snack Item,229.62,22.96
2024-01-18,Breakfast,Rice/Upma,174.29,34.86
2024-01-18,Breakfast,Dal/Curry,174.29,26.14
2024-01-18,Breakfast,Bread,174.29,17.43
2024-01-18,Dinner,Rice,408.73,122.62
2024-01-18,Dinner,Dal,408.73,81.75
2024-01-18,Dinner,Sabzi,408.73,61.31
2024-01-18,Dinner,Roti,408.73,49.05
2024-01-18,Lunch,Rice,385.94,135.08
2024-01-18,Lunch,Dal,385.94,77.19
2024-01-18,Lunch,Sabzi,385.94,57.89
2024-01-18,Lunch,Roti,385.94,46.31
2024-01-18,Snacks,Tea,233.68,35.05
2024-01-18,Snacks,Snack Item,233.68,23.37
2024-01-19,Breakfast,Rice/Upma,167.14,33.43
2024-01-19,Breakfast,Dal/Curry,167.14,25.07
2024-01-19,Breakfast,Bread,167.14,16.71
2024-01-19,Dinner,Rice,412.82,123.85
2024-01-19,Dinner,Dal,412.82,82.56
2024-01-19,Dinner,Sabzi,412.82,61.92
2024-01-19,Dinner,Roti,412.82,49.54
2024-01-19,Lunch,Rice,383.19,134.12
2024-01-19,Lunch,Dal,383.19,76.64
2024-01-19,Lunch,Sabzi,383.19,57.48
2024-01-19,Lunch,Roti,383.19,45.98
2024-01-19,Snacks,Tea,236.1,35.42
2024-01-19,Snacks,Snack Item,236.1,23.61
2024-01-20,Breakfast,Rice/Upma,145.49,29.1
2024-01-20,Breakfast,Dal/Curry,145.49,21.82
2024-01-20,Breakfast,Bread,145.49,14.55
2024-01-20,Dinner,Rice,409.08,122.72
2024-01-20,Dinner,Dal,409.08,81.82
2024-01-20,Dinner,Sabzi,409.08,61.36
2024-01-20,Dinner,Roti,409.08,49.09
2024-01-20,Lunch,Rice,381.75,133.61
2024-01-20,Lunch,Dal,381.75,76.35
2024-01-20,Lunch,Sabzi,381.75,57.26
2024-01-20,Lunch,Roti,381.75,45.81
2024-01-20,Snacks,Tea,228.53,34.28
2024-01-20,Snacks,Snack Item,228.53,22.85
2024-01-21,Breakfast,Rice/Upma,125.06,25.01
2024-01-21,Breakfast,Dal/Curry,125.06,18.76
2024-01-21,Breakfast,Bread,125.06,12.51
2024-01-21,Dinner,Rice,409.82,122.95
2024-01-21,Dinner,Dal,409.82,81.96
2024-01-21,Dinner,Sabzi,409.82,61.47
2024-01-21,Dinner,Roti,409.82,49.18
2024-01-21,Lunch,Rice,380.25,133.09
2024-01-21,Lunch,Dal,380.25,76.05
2024-01-21,Lunch,Sabzi,380.25,57.04
2024-01-21,Lunch,Roti,380.25,45.63
2024-01-21,Snacks,Tea,229.12,34.37
2024-01-21,Snacks,Snack Item,229.12,22.91
2024-01-22,Breakfast,Rice/Upma,169.73,33.95
2024-01-22,Breakfast,Dal/Curry,169.73,25.46
2024-01-22,Breakfast,Bread,169.73,16.97
2024-01-22,Dinner,Rice,415.95,124.78
2024-01-22,Dinner,Dal,415.95,83.19
2024-01-22,Dinner,Sabzi,415.95,62.39
2024-01-22,Dinner,Roti,415.95,49.91
2024-01-22,Lunch,Rice,378.57,132.5
2024-01-22,Lunch,Dal,378.57,75.71
2024-01-22,Lunch,Sabzi,378.57,56.79
2024-01-22,Lunch,Roti,378.57,45.43
2024-01-22,Snacks,Tea,236.16,35.42
2024-01-22,Snacks,Snack Item,236.16,23.62
2024-01-23,Breakfast,Rice/Upma,177.28,35.46
2024-01-23,Breakfast,Dal/Curry,177.28,26.59
2024-01-23,Breakfast,Bread,177.28,17.73
2024-01-23,Dinner,Rice,406.53,121.96
2024-01-23,Dinner,Dal,406.53,81.31
2024-01-23,Dinner,Sabzi,406.53,60.98
2024-01-23,Dinner,Roti,406.53,48.78
2024-01-23,Lunch,Rice,381.47,133.51
2024-01-23,Lunch,Dal,381.47,76.29
2024-01-23,Lunch,Sabzi,381.47,57.22
2024-01-23,Lunch,Roti,381.47,45.78
2024-01-23,Snacks,Tea,220.1,33.02
2024-01-23,Snacks,Snack Item,220.1,22.01
2024-01-24,Breakfast,Rice/Upma,154.86,30.97
2024-01-24,Breakfast,Dal/Curry,154.86,23.23
2024-01-24,Breakfast,Bread,154.86,15.49
2024-01-24,Dinner,Rice,404.53,121.36
2024-01-24,Dinner,Dal,404.53,80.91
2024-01-24,Dinner,Sabzi,404.53,60.68
2024-01-24,Dinner,Roti,404.53,48.54
2024-01-24,Lunch,Rice,377.11,131.99
2024-01-24,Lunch,Dal,377.11,75.42
2024-01-24,Lunch,Sabzi,377.11,56.57
2024-01-24,Lunch,Roti,377.11,45.25
2024-01-24,Snacks,Tea,222.04,33.31
2024-01-24,Snacks,Snack Item,222.04,22.2
2024-01-25,Breakfast,Rice/Upma,162.32,32.46
2024-01-25,Breakfast,Dal/Curry,162.32,24.35
2024-01-25,Breakfast,Bread,162.32,16.23
2024-01-25,Dinner,Rice,406.41,121.92
2024-01-25,Dinner,Dal,406.41,81.28
2024-01-25,Dinner,Sabzi,406.41,60.96
2024-01-25,Dinner,Roti,406.41,48.77
2024-01-25,Lunch,Rice,393.31,137.66
2024-01-25,Lunch,Dal,393.31,78.66
2024-01-25,Lunch,Sabzi,393.31,59.0
2024-01-25,Lunch,Roti,393.31,47.2
2024-01-25,Snacks,Tea,216.03,32.4
2024-01-25,Snacks,Snack Item,216.03,21.6
2024-01-26,Breakfast,Rice/Upma,167.4,33.48
2024-01-26,Breakfast,Dal/Curry,167.4,25.11
2024-01-26,Breakfast,Bread,167.4,16.74
2024-01-26,Dinner,Rice,410.77,123.23
2024-01-26,Dinner,Dal,410.77,82.15
2024-01-26,Dinner,Sabzi,410.77,61.62
2024-01-26,Dinner,Roti,410.77,49.29
2024-01-26,Lunch,Rice,376.03,131.61
2024-01-26,Lunch,Dal,376.03,75.21
2024-01-26,Lunch,Sabzi,376.03,56.4
2024-01-26,Lunch,Roti,376.03,45.12
2024-01-26,Snacks,Tea,224.62,33.69
2024-01-26,Snacks,Snack Item,224.62,22.46
2024-01-27,Breakfast,Rice/Upma,182.36,36.47
2024-01-27,Breakfast,Dal/Curry,182.36,27.35
2024-01-27,Breakfast,Bread,182.36,18.24
2024-01-27,Dinner,Rice,403.46,121.04
2024-01-27,Dinner,Dal,403.46,80.69
2024-01-27,Dinner,Sabzi,403.46,60.52
2024-01-27,Dinner,Roti,403.46,48.42
2024-01-27,Lunch,Rice,386.37,135.23
2024-01-27,Lunch,Dal,386.37,77.27
2024-01-27,Lunch,Sabzi,386.37,57.96
2024-01-27,Lunch,Roti,386.37,46.36
2024-01-27,Snacks,Tea,225.87,33.88
2024-01-27,Snacks,Snack Item,225.87,22.59
2024-01-28,Breakfast,Rice/Upma,116.85,23.37
2024-01-28,Breakfast,Dal/Curry,116.85,17.53
2024-01-28,Breakfast,Bread,116.85,11.68
2024-01-28,Dinner,Rice,404.23,121.27
2024-01-28,Dinner,Dal,404.23,80.85
2024-01-28,Dinner,Sabzi,404.23,60.63
2024-01-28,Dinner,Roti,404.23,48.51
2024-01-28,Lunch,Rice,382.04,133.71
2024-01-28,Lunch,Dal,382.04,76.41
2024-01-28,Lunch,Sabzi,382.04,57.31
2024-01-28,Lunch,Roti,382.04,45.84
2024-01-28,Snacks,Tea,214.46,32.17
2024-01-28,Snacks,Snack Item,214.46,21.45
2024-01-29,Breakfast,Rice/Upma,182.97,36.59
2024-01-29,Breakfast,Dal/Curry,182.97,27.45
2024-01-29,Breakfast,Bread,182.97,18.3
2024-01-29,Dinner,Rice,415.38,124.61
2024-01-29,Dinner,Dal,415.38,83.08
2024-01-29,Dinner,Sabzi,415.38,62.31
2024-01-29,Dinner,Roti,415.38,49.85
2024-01-29,Lunch,Rice,378.16,132.36
2024-01-29,Lunch,Dal,378.16,75.63
2024-01-29,Lunch,Sabzi,378.16,56.72
2024-01-29,Lunch,Roti,378.16,45.38
2024-01-29,Snacks,Tea,214.7,32.2
2024-01-29,Snacks,Snack Item,214.7,21.47
2024-01-30,Breakfast,Rice/Upma,184.78,36.96
2024-01-30,Breakfast,Dal/Curry,184.78,27.72
2024-01-30,Breakfast,Bread,184.78,18.48
2024-01-30,Dinner,Rice,410.02,123.01
2024-01-30,Dinner,Dal,410.02,82.0
2024-01-30,Dinner,Sabzi,410.02,61.5
2024-01-30,Dinner,Roti,410.02,49.2
2024-01-30,Lunch,Rice,377.59,132.16
2024-01-30,Lunch,Dal,377.59,75.52
2024-01-30,Lunch,Sabzi,377.59,56.64
2024-01-30,Lunch,Roti,377.59,45.31
2024-01-30,Snacks,Tea,213.46,32.02
2024-01-30,Snacks,Snack Item,213.46,21.35
2024-01-31,Breakfast,Rice/Upma,171.53,34.31
2024-01-31,Breakfast,Dal/Curry,171.53,25.73
2024-01-31,Breakfast,Bread,171.53,17.15
2024-01-31,Dinner,Rice,404.79,121.44
2024-01-31,Dinner,Dal,404.79,80.96
2024-01-31,Dinner,Sabzi,404.79,60.72
2024-01-31,Dinner,Roti,404.79,48.57
2024-01-31,Lunch,Rice,380.41,133.14
2024-01-31,Lunch,Dal,380.41,76.08
2024-01-31,Lunch,Sabzi,380.41,57.06
2024-01-31,Lunch,Roti,380.41,45.65
2024-01-31,Snacks,Tea,218.65,32.8
2024-01-31,Snacks,Snack Item,218.65,21.86
2024-02-01,Breakfast,Rice/Upma,169.17,33.83
2024-02-01,Breakfast,Dal/Curry,169.17,25.38
2024-02-01,Breakfast,Bread,169.17,16.92
2024-02-01,Dinner,Rice,403.08,120.92
2024-02-01,Dinner,Dal,403.08,80.62
2024-02-01,Dinner,Sabzi,403.08,60.46
2024-02-01,Dinner,Roti,403.08,48.37
2024-02-01,Lunch,Rice,373.8,130.83
2024-02-01,Lunch,Dal,373.8,74.76
2024-02-01,Lunch,Sabzi,373.8,56.07
2024-02-01,Lunch,Roti,373.8,44.86
2024-02-01,Snacks,Tea,229.8,34.47
2024-02-01,Snacks,Snack Item,229.8,22.98
2024-02-02,Breakfast,Rice/Upma,157.48,31.5
2024-02-02,Breakfast,Dal/Curry,157.48,23.62
2024-02-02,Breakfast,Bread,157.48,15.75
2024-02-02,Dinner,Rice,407.84,122.35
2024-02-02,Dinner,Dal,407.84,81.57
2024-02-02,Dinner,Sabzi,407.84,61.18
2024-02-02,Dinner,Roti,407.84,48.94
2024-02-02,Lunch,Rice,374.97,131.24
2024-02-02,Lunch,Dal,374.97,74.99
2024-02-02,Lunch,Sabzi,374.97,56.25
2024-02-02,Lunch,Roti,374.97,45.0
2024-02-02,Snacks,Tea,222.05,33.31
2024-02-02,Snacks,Snack Item,222.05,22.2
2024-02-03,Breakfast,Rice/Upma,168.72,33.74
2024-02-03,Breakfast,Dal/Curry,168.72,25.31
2024-02-03,Breakfast,Bread,168.72,16.87
2024-02-03,Dinner,Rice,425.34,127.6
2024-02-03,Dinner,Dal,425.34,85.07
2024-02-03,Dinner,Sabzi,425.34,63.8
2024-02-03,Dinner,Roti,425.34,51.04
2024-02-03,Lunch,Rice,375.23,131.33
2024-02-03,Lunch,Dal,375.23,75.05
2024-02-03,Lunch,Sabzi,375.23,56.28
2024-02-03,Lunch,Roti,375.23,45.03
2024-02-03,Snacks,Tea,231.47,34.72
2024-02-03,Snacks,Snack Item,231.47,23.15
2024-02-04,Breakfast,Rice/Upma,111.54,22.31
2024-02-04,Breakfast,Dal/Curry,111.54,16.73
2024-02-04,Breakfast,Bread,111.54,11.15
2024-02-04,Dinner,Rice,403.43,121.03
2024-02-04,Dinner,Dal,403.43,80.69
2024-02-04,Dinner,Sabzi,403.43,60.51
2024-02-04,Dinner,Roti,403.43,48.41
2024-02-04,Lunch,Rice,378.97,132.64
2024-02-04,Lunch,Dal,378.97,75.79
2024-02-04,Lunch,Sabzi,378.97,56.85
2024-02-04,Lunch,Roti,378.97,45.48
2024-02-04,Snacks,Tea,228.58,34.29
2024-02-04,Snacks,Snack Item,228.58,22.86
2024-02-05,Breakfast,Rice/Upma,174.38,34.88
2024-02-05,Breakfast,Dal/Curry,174.38,26.16
2024-02-05,Breakfast,Bread,174.38,17.44
2024-02-05,Dinner,Rice,411.66,123.5
2024-02-05,Dinner,Dal,411.66,82.33
2024-02-05,Dinner,Sabzi,411.66,61.75
2024-02-05,Dinner,Roti,411.66,49.4
2024-02-05,Lunch,Rice,372.22,130.28
2024-02-05,Lunch,Dal,372.22,74.44
2024-02-05,Lunch,Sabzi,372.22,55.83
2024-02-05,Lunch,Roti,372.22,44.67
2024-02-05,Snacks,Tea,241.7,36.26
2024-02-05,Snacks,Snack Item,241.7,24.17
2024-02-06,Breakfast,Rice/Upma,180.44,36.09
2024-02-06,Breakfast,Dal/Curry,180.44,27.07
2024-02-06,Breakfast,Bread,180.44,18.04
2024-02-06,Dinner,Rice,412.03,123.61
2024-02-06,Dinner,Dal,412.03,82.41
2024-02-06,Dinner,Sabzi,412.03,61.8
2024-02-06,Dinner,Roti,412.03,49.44
2024-02-06,Lunch,Rice,368.63,129.02
2024-02-06,Lunch,Dal,368.63,73.73
2024-02-06,Lunch,Sabzi,368.63,55.29
2024-02-06,Lunch,Roti,368.63,44.24
2024-02-06,Snacks,Tea,225.8,33.87
2024-02-06,Snacks,Snack Item,225.8,22.58
2024-02-07,Breakfast,Rice/Upma,183.97,36.79
2024-02-07,Breakfast,Dal/Curry,183.97,27.6
2024-02-07,Breakfast,Bread,183.97,18.4
2024-02-07,Dinner,Rice,409.89,122.97
2024-02-07,Dinner,Dal,409.89,81.98
2024-02-07,Dinner,Sabzi,409.89,61.48
2024-02-07,Dinner,Roti,409.89,49.19
2024-02-07,Lunch,Rice,375.19,131.32
2024-02-07,Lunch,Dal,375.19,75.04
2024-02-07,Lunch,Sabzi,375.19,56.28
2024-02-07,Lunch,Roti,375.19,45.02
2024-02-07,Snacks,Tea,237.47,35.62
2024-02-07,Snacks,Snack Item,237.47,23.75
2024-02-08,Breakfast,Rice/Upma,181.8,36.36
2024-02-08,Breakfast,Dal/Curry,181.8,27.27
2024-02-08,Breakfast,Bread,181.8,18.18
2024-02-08,Dinner,Rice,418.66,125.6
2024-02-08,Dinner,Dal,418.66,83.73
2024-02-08,Dinner,Sabzi,418.66,62.8
2024-02-08,Dinner,Roti,418.66,50.24
2024-02-08,Lunch,Rice,375.53,131.44
2024-02-08,Lunch,Dal,375.53,75.11
2024-02-08,Lunch,Sabzi,375.53,56.33
2024-02-08,Lunch,Roti,375.53,45.06
2024-02-08,Snacks,Tea,234.4,35.16
2024-02-08,Snacks,Snack Item,234.4,23.44
2024-02-09,Breakfast,Rice/Upma,177.45,35.49
2024-02-09,Breakfast,Dal/Curry,177.45,26.62
2024-02-09,Breakfast,Bread,177.45,17.74
2024-02-09,Dinner,Rice,418.57,125.57
2024-02-09,Dinner,Dal,418.57,83.71
2024-02-09,Dinner,Sabzi,418.57,62.79
2024-02-09,Dinner,Roti,418.57,50.23
2024-02-09,Lunch,Rice,387.5,135.62
2024-02-09,Lunch,Dal,387.5,77.5
2024-02-09,Lunch,Sabzi,387.5,58.12
2024-02-09,Lunch,Roti,387.5,46.5
2024-02-09,Snacks,Tea,229.83,34.47
2024-02-09,Snacks,Snack Item,229.83,22.98
2024-02-10,Breakfast,Rice/Upma,177.49,35.5
2024-02-10,Breakfast,Dal/Curry,177.49,26.62
2024-02-10,Breakfast,Bread,177.49,17.75
2024-02-10,Dinner,Rice,410.18,123.05
2024-02-10,Dinner,Dal,410.18,82.04
2024-02-10,Dinner,Sabzi,410.18,61.53
2024-02-10,Dinner,Roti,410.18,49.22
2024-02-10,Lunch,Rice,379.04,132.66
2024-02-10,Lunch,Dal,379.04,75.81
2024-02-10,Lunch,Sabzi,379.04,56.86
2024-02-10,Lunch,Roti,379.04,45.48
2024-02-10,Snacks,Tea,226.96,34.04
2024-02-10,Snacks,Snack Item,226.96,22.7
2024-02-11,Breakfast,Rice/Upma,114.84,22.97
2024-02-11,Breakfast,Dal/Curry,114.84,17.23
2024-02-11,Breakfast,Bread,114.84,11.48
2024-02-11,Dinner,Rice,411.74,123.52
2024-02-11,Dinner,Dal,411.74,82.35
2024-02-11,Dinner,Sabzi,411.74,61.76
2024-02-11,Dinner,Roti,411.74,49.41
2024-02-11,Lunch,Rice,363.46,127.21
2024-02-11,Lunch,Dal,363.46,72.69
2024-02-11,Lunch,Sabzi,363.46,54.52
2024-02-11,Lunch,Roti,363.46,43.62
2024-02-11,Snacks,Tea,221.37,33.21
2024-02-11,Snacks,Snack Item,221.37,22.14
2024-02-12,Breakfast,Rice/Upma,178.22,35.64
2024-02-12,Breakfast,Dal/Curry,178.22,26.73
2024-02-12,Breakfast,Bread,178.22,17.82
2024-02-12,Dinner,Rice,405.82,121.75
2024-02-12,Dinner,Dal,405.82,81.16
2024-02-12,Dinner,Sabzi,405.82,60.87
2024-02-12,Dinner,Roti,405.82,48.7
2024-02-12,Lunch,Rice,374.83,131.19
2024-02-12,Lunch,Dal,374.83,74.97
2024-02-12,Lunch,Sabzi,374.83,56.22
2024-02-12,Lunch,Roti,374.83,44.98
2024-02-12,Snacks,Tea,221.67,33.25
2024-02-12,Snacks,Snack Item,221.67,22.17
2024-02-13,Breakfast,Rice/Upma,182.42,36.48
2024-02-13,Breakfast,Dal/Curry,182.42,27.36
2024-02-13,Breakfast,Bread,182.42,18.24
2024-02-13,Dinner,Rice,409.45,122.84
2024-02-13,Dinner,Dal,409.45,81.89
2024-02-13,Dinner,Sabzi,409.45,61.42
2024-02-13,Dinner,Roti,409.45,49.13
2024-02-13,Lunch,Rice,371.72,130.1
2024-02-13,Lunch,Dal,371.72,74.34
2024-02-13,Lunch,Sabzi,371.72,55.76
2024-02-13,Lunch,Roti,371.72,44.61
2024-02-13,Snacks,Tea,226.03,33.9
2024-02-13,Snacks,Snack Item,226.03,22.6
2024-02-14,Breakfast,Rice/Upma,182.44,36.49
2024-02-14,Breakfast,Dal/Curry,182.44,27.37
2024-02-14,Breakfast,Bread,182.44,18.24
2024-02-14,Dinner,Rice,412.01,123.6
2024-02-14,Dinner,Dal,412.01,82.4
2024-02-14,Dinner,Sabzi,412.01,61.8
2024-02-14,Dinner,Roti,412.01,49.44
2024-02-14,Lunch,Rice,373.9,130.86
2024-02-14,Lunch,Dal,373.9,74.78
2024-02-14,Lunch,Sabzi,373.9,56.08
2024-02-14,Lunch,Roti,373.9,44.87
2024-02-14,Snacks,Tea,238.06,35.71
2024-02-14,Snacks,Snack Item,238.06,23.81
2024-02-15,Breakfast,Rice/Upma,180.06,36.01
2024-02-15,Breakfast,Dal/Curry,180.06,27.01
2024-02-15,Breakfast,Bread,180.06,18.01
2024-02-15,Dinner,Rice,412.23,123.67
2024-02-15,Dinner,Dal,412.23,82.45
2024-02-15,Dinner,Sabzi,412.23,61.83
2024-02-15,Dinner,Roti,412.23,49.47
2024-02-15,Lunch,Rice,371.3,129.96
2024-02-15,Lunch,Dal,371.3,74.26
2024-02-15,Lunch,Sabzi,371.3,55.7
2024-02-15,Lunch,Roti,371.3,44.56
2024-02-15,Snacks,Tea,213.75,32.06
2024-02-15,Snacks,Snack Item,213.75,21.38
2024-02-16,Breakfast,Rice/Upma,164.72,32.94
2024-02-16,Breakfast,Dal/Curry,164.72,24.71
2024-02-16,Breakfast,Bread,164.72,16.47
2024-02-16,Dinner,Rice,412.7,123.81
2024-02-16,Dinner,Dal,412.7,82.54
2024-02-16,Dinner,Sabzi,412.7,61.9
2024-02-16,Dinner,Roti,412.7,49.52
2024-02-16,Lunch,Rice,362.95,127.03
2024-02-16,Lunch,Dal,362.95,72.59
2024-02-16,Lunch,Sabzi,362.95,54.44
2024-02-16,Lunch,Roti,362.95,43.55
2024-02-16,Snacks,Tea,225.07,33.76
2024-02-16,Snacks,Snack Item,225.07,22.51
2024-02-17,Breakfast,Rice/Upma,172.68,34.54
2024-02-17,Breakfast,Dal/Curry,172.68,25.9
2024-02-17,Breakfast,Bread,172.68,17.27
2024-02-17,Dinner,Rice,414.25,124.28
2024-02-17,Dinner,Dal,414.25,82.85
2024-02-17,Dinner,Sabzi,414.25,62.14
2024-02-17,Dinner,Roti,414.25,49.71
2024-02-17,Lunch,Rice,385.57,134.95
2024-02-17,Lunch,Dal,385.57,77.11
2024-02-17,Lunch,Sabzi,385.57,57.84
2024-02-17,Lunch,Roti,385.57,46.27
2024-02-17,Snacks,Tea,228.22,34.23
2024-02-17,Snacks,Snack Item,228.22,22.82
2024-02-18,Breakfast,Rice/Upma,132.93,26.59
2024-02-18,Breakfast,Dal/Curry,132.93,19.94
2024-02-18,Breakfast,Bread,132.93,13.29
2024-02-18,Dinner,Rice,412.02,123.61
2024-02-18,Dinner,Dal,412.02,82.4
2024-02-18,Dinner,Sabzi,412.02,61.8
2024-02-18,Dinner,Roti,412.02,49.44
2024-02-18,Lunch,Rice,391.21,136.92
2024-02-18,Lunch,Dal,391.21,78.24
2024-02-18,Lunch,Sabzi,391.21,58.68
2024-02-18,Lunch,Roti,391.21,46.95
2024-02-18,Snacks,Tea,226.5,33.98
2024-02-18,Snacks,Snack Item,226.5,22.65
2024-02-19,Breakfast,Rice/Upma,180.19,36.04
2024-02-19,Breakfast,Dal/Curry,180.19,27.03
2024-02-19,Breakfast,Bread,180.19,18.02
2024-02-19,Dinner,Rice,438.9,131.67
2024-02-19,Dinner,Dal,438.9,87.78
2024-02-19,Dinner,Sabzi,438.9,65.83
2024-02-19,Dinner,Roti,438.9,52.67
2024-02-19,Lunch,Rice,386.32,135.21
2024-02-19,Lunch,Dal,386.32,77.26
2024-02-19,Lunch,Sabzi,386.32,57.95
2024-02-19,Lunch,Roti,386.32,46.36
2024-02-19,Snacks,Tea,243.86,36.58
2024-02-19,Snacks,Snack Item,243.86,24.39
2024-02-20,Breakfast,Rice/Upma,192.3,38.46
2024-02-20,Breakfast,Dal/Curry,192.3,28.84
2024-02-20,Breakfast,Bread,192.3,19.23
2024-02-20,Dinner,Rice,440.47,132.14
2024-02-20,Dinner,Dal,440.47,88.09
2024-02-20,Dinner,Sabzi,440.47,66.07
2024-02-20,Dinner,Roti,440.47,52.86
2024-02-20,Lunch,Rice,387.77,135.72
2024-02-20,Lunch,Dal,387.77,77.55
2024-02-20,Lunch,Sabzi,387.77,58.17
2024-02-20,Lunch,Roti,387.77,46.53
2024-02-20,Snacks,Tea,235.21,35.28
2024-02-20,Snacks,Snack Item,235.21,23.52
2024-02-21,Breakfast,Rice/Upma,190.62,38.12
2024-02-21,Breakfast,Dal/Curry,190.62,28.59
2024-02-21,Breakfast,Bread,190.62,19.06
2024-02-21,Dinner,Rice,434.59,130.38
2024-02-21,Dinner,Dal,434.59,86.92
2024-02-21,Dinner,Sabzi,434.59,65.19
2024-02-21,Dinner,Roti,434.59,52.15
2024-02-21,Lunch,Rice,387.96,135.79
2024-02-21,Lunch,Dal,387.96,77.59
2024-02-21,Lunch,Sabzi,387.96,58.19
2024-02-21,Lunch,Roti,387.96,46.56
2024-02-21,Snacks,Tea,252.59,37.89
2024-02-21,Snacks,Snack Item,252.59,25.26
2024-02-22,Breakfast,Rice/Upma,197.93,39.59
2024-02-22,Breakfast,Dal/Curry,197.93,29.69
2024-02-22,Breakfast,Bread,197.93,19.79
2024-02-22,Dinner,Rice,439.33,131.8
2024-02-22,Dinner,Dal,439.33,87.87
2024-02-22,Dinner,Sabzi,439.33,65.9
2024-02-22,Dinner,Roti,439.33,52.72
2024-02-22,Lunch,Rice,403.88,141.36
2024-02-22,Lunch,Dal,403.88,80.78
2024-02-22,Lunch,Sabzi,403.88,60.58
2024-02-22,Lunch,Roti,403.88,48.47
2024-02-22,Snacks,Tea,249.05,37.36
2024-02-22,Snacks,Snack Item,249.05,24.9
2024-02-23,Breakfast,Rice/Upma,205.91,41.18
2024-02-23,Breakfast,Dal/Curry,205.91,30.89
2024-02-23,Breakfast,Bread,205.91,20.59
2024-02-23,Dinner,Rice,433.44,130.03
2024-02-23,Dinner,Dal,433.44,86.69
2024-02-23,Dinner,Sabzi,433.44,65.02
2024-02-23,Dinner,Roti,433.44,52.01
2024-02-23,Lunch,Rice,397.04,138.96
2024-02-23,Lunch,Dal,397.04,79.41
2024-02-23,Lunch,Sabzi,397.04,59.56
2024-02-23,Lunch,Roti,397.04,47.64
2024-02-23,Snacks,Tea,247.46,37.12
2024-02-23,Snacks,Snack Item,247.46,24.75
2024-02-24,Breakfast,Rice/Upma,201.38,40.28
2024-02-24,Breakfast,Dal/Curry,201.38,30.21
2024-02-24,Breakfast,Bread,201.38,20.14
2024-02-24,Dinner,Rice,429.79,128.94
2024-02-24,Dinner,Dal,429.79,85.96
2024-02-24,Dinner,Sabzi,429.79,64.47
2024-02-24,Dinner,Roti,429.79,51.57
2024-02-24,Lunch,Rice,397.64,139.17
2024-02-24,Lunch,Dal,397.64,79.53
2024-02-24,Lunch,Sabzi,397.64,59.65
2024-02-24,Lunch,Roti,397.64,47.72
2024-02-24,Snacks,Tea,237.69,35.65
2024-02-24,Snacks,Snack Item,237.69,23.77
2024-02-25,Breakfast,Rice/Upma,198.69,39.74
2024-02-25,Breakfast,Dal/Curry,198.69,29.8
2024-02-25,Breakfast,Bread,198.69,19.87
2024-02-25,Dinner,Rice,433.17,129.95
2024-02-25,Dinner,Dal,433.17,86.63
2024-02-25,Dinner,Sabzi,433.17,64.98
2024-02-25,Dinner,Roti,433.17,51.98
2024-02-25,Lunch,Rice,403.81,141.33
2024-02-25,Lunch,Dal,403.81,80.76
2024-02-25,Lunch,Sabzi,403.81,60.57
2024-02-25,Lunch,Roti,403.81,48.46
2024-02-25,Snacks,Tea,244.95,36.74
2024-02-25,Snacks,Snack Item,244.95,24.5
2024-02-26,Breakfast,Rice/Upma,170.12,34.02
2024-02-26,Breakfast,Dal/Curry,170.12,25.52
2024-02-26,Breakfast,Bread,170.12,17.01
2024-02-26,Dinner,Rice,434.18,130.25
2024-02-26,Dinner,Dal,434.18,86.84
2024-02-26,Dinner,Sabzi,434.18,65.13
2024-02-26,Dinner,Roti,434.18,52.1
2024-02-26,Lunch,Rice,382.14,133.75
2024-02-26,Lunch,Dal,382.14,76.43
2024-02-26,Lunch,Sabzi,382.14,57.32
2024-02-26,Lunch,Roti,382.14,45.86
2024-02-26,Snacks,Tea,222.76,33.41
2024-02-26,Snacks,Snack Item,222.76,22.28
2024-02-27,Breakfast,Rice/Upma,174.12,34.82
2024-02-27,Breakfast,Dal/Curry,174.12,26.12
2024-02-27,Breakfast,Bread,174.12,17.41
2024-02-27,Dinner,Rice,433.78,130.13
2024-02-27,Dinner,Dal,433.78,86.76
2024-02-27,Dinner,Sabzi,433.78,65.07
2024-02-27,Dinner,Roti,433.78,52.05
2024-02-27,Lunch,Rice,388.73,136.06
2024-02-27,Lunch,Dal,388.73,77.75
2024-02-27,Lunch,Sabzi,388.73,58.31
2024-02-27,Lunch,Roti,388.73,46.65
2024-02-27,Snacks,Tea,214.96,32.24
2024-02-27,Snacks,Snack Item,214.96,21.5
2024-02-28,Breakfast,Rice/Upma,174.99,35.0
2024-02-28,Breakfast,Dal/Curry,174.99,26.25
2024-02-28,Breakfast,Bread,174.99,17.5
2024-02-28,Dinner,Rice,430.22,129.07
2024-02-28,Dinner,Dal,430.22,86.04
2024-02-28,Dinner,Sabzi,430.22,64.53
2024-02-28,Dinner,Roti,430.22,51.63
2024-02-28,Lunch,Rice,380.66,133.23
2024-02-28,Lunch,Dal,380.66,76.13
2024-02-28,Lunch,Sabzi,380.66,57.1
2024-02-28,Lunch,Roti,380.66,45.68
2024-02-28,Snacks,Tea,233.9,35.08
2024-02-28,Snacks,Snack Item,233.9,23.39
2024-02-29,Breakfast,Rice/Upma,170.61,34.12
2024-02-29,Breakfast,Dal/Curry,170.61,25.59
2024-02-29,Breakfast,Bread,170.61,17.06
2024-02-29,Dinner,Rice,418.46,125.54
2024-02-29,Dinner,Dal,418.46,83.69
2024-02-29,Dinner,Sabzi,418.46,62.77
2024-02-29,Dinner,Roti,418.46,50.22
2024-02-29,Lunch,Rice,373.12,130.59
2024-02-29,Lunch,Dal,373.12,74.62
2024-02-29,Lunch,Sabzi,373.12,55.97
2024-02-29,Lunch,Roti,373.12,44.77
2024-02-29,Snacks,Tea,214.09,32.11
2024-02-29,Snacks,Snack Item,214.09,21.41
2024-03-01,Breakfast,Rice/Upma,182.56,36.51
2024-03-01,Breakfast,Dal/Curry,182.56,27.38
2024-03-01,Breakfast,Bread,182.56,18.26
2024-03-01,Dinner,Rice,424.15,127.24
2024-03-01,Dinner,Dal,424.15,84.83
2024-03-01,Dinner,Sabzi,424.15,63.62
2024-03-01,Dinner,Roti,424.15,50.9
2024-03-01,Lunch,Rice,383.84,134.34
2024-03-01,Lunch,Dal,383.84,76.77
2024-03-01,Lunch,Sabzi,383.84,57.58
2024-03-01,Lunch,Roti,383.84,46.06
2024-03-01,Snacks,Tea,230.82,34.62
2024-03-01,Snacks,Snack Item,230.82,23.08
2024-03-02,Breakfast,Rice/Upma,186.08,37.22
2024-03-02,Breakfast,Dal/Curry,186.08,27.91
2024-03-02,Breakfast,Bread,186.08,18.61
2024-03-02,Dinner,Rice,406.58,121.97
2024-03-02,Dinner,Dal,406.58,81.32
2024-03-02,Dinner,Sabzi,406.58,60.99
2024-03-02,Dinner,Roti,406.58,48.79
2024-03-02,Lunch,Rice,378.68,132.54
2024-03-02,Lunch,Dal,378.68,75.74
2024-03-02,Lunch,Sabzi,378.68,56.8
2024-03-02,Lunch,Roti,378.68,45.44
2024-03-02,Snacks,Tea,227.88,34.18
2024-03-02,Snacks,Snack Item,227.88,22.79
2024-03-03,Breakfast,Rice/Upma,151.74,30.35
2024-03-03,Breakfast,Dal/Curry,151.74,22.76
2024-03-03,Breakfast,Bread,151.74,15.17
2024-03-03,Dinner,Rice,412.26,123.68
2024-03-03,Dinner,Dal,412.26,82.45
2024-03-03,Dinner,Sabzi,412.26,61.84
2024-03-03,Dinner,Roti,412.26,49.47
2024-03-03,Lunch,Rice,378.61,132.51
2024-03-03,Lunch,Dal,378.61,75.72
2024-03-03,Lunch,Sabzi,378.61,56.79
2024-03-03,Lunch,Roti,378.61,45.43
2024-03-03,Snacks,Tea,210.91,31.64
2024-03-03,Snacks,Snack Item,210.91,21.09
2024-03-04,Breakfast,Rice/Upma,164.13,32.83
2024-03-04,Breakfast,Dal/Curry,164.13,24.62
2024-03-04,Breakfast,Bread,164.13,16.41
2024-03-04,Dinner,Rice,414.63,124.39
2024-03-04,Dinner,Dal,414.63,82.93
2024-03-04,Dinner,Sabzi,414.63,62.19
2024-03-04,Dinner,Roti,414.63,49.76
2024-03-04,Lunch,Rice,381.65,133.58
2024-03-04,Lunch,Dal,381.65,76.33
2024-03-04,Lunch,Sabzi,381.65,57.25
2024-03-04,Lunch,Roti,381.65,45.8
2024-03-04,Snacks,Tea,227.05,34.06
2024-03-04,Snacks,Snack Item,227.05,22.7
2024-03-05,Breakfast,Rice/Upma,157.39,31.48
2024-03-05,Breakfast,Dal/Curry,157.39,23.61
2024-03-05,Breakfast,Bread,157.39,15.74
2024-03-05,Dinner,Rice,403.26,120.98
2024-03-05,Dinner,Dal,403.26,80.65
2024-03-05,Dinner,Sabzi,403.26,60.49
2024-03-05,Dinner,Roti,403.26,48.39
2024-03-05,Lunch,Rice,362.52,126.88
2024-03-05,Lunch,Dal,362.52,72.5
2024-03-05,Lunch,Sabzi,362.52,54.38
2024-03-05,Lunch,Roti,362.52,43.5
2024-03-05,Snacks,Tea,225.55,33.83
2024-03-05,Snacks,Snack Item,225.55,22.56
2024-03-06,Breakfast,Rice/Upma,182.74,36.55
2024-03-06,Breakfast,Dal/Curry,182.74,27.41
2024-03-06,Breakfast,Bread,182.74,18.27
2024-03-06,Dinner,Rice,408.37,122.51
2024-03-06,Dinner,Dal,408.37,81.67
2024-03-06,Dinner,Sabzi,408.37,61.26
2024-03-06,Dinner,Roti,408.37,49.0
2024-03-06,Lunch,Rice,372.7,130.44
2024-03-06,Lunch,Dal,372.7,74.54
2024-03-06,Lunch,Sabzi,372.7,55.9
2024-03-06,Lunch,Roti,372.7,44.72
2024-03-06,Snacks,Tea,229.78,34.47
2024-03-06,Snacks,Snack Item,229.78,22.98
2024-03-07,Breakfast,Rice/Upma,175.15,35.03
2024-03-07,Breakfast,Dal/Curry,175.15,26.27
2024-03-07,Breakfast,Bread,175.15,17.52
2024-03-07,Dinner,Rice,413.75,124.12
2024-03-07,Dinner,Dal,413.75,82.75
2024-03-07,Dinner,Sabzi,413.75,62.06
2024-03-07,Dinner,Roti,413.75,49.65
2024-03-07,Lunch,Rice,372.42,130.35
2024-03-07,Lunch,Dal,372.42,74.48
2024-03-07,Lunch,Sabzi,372.42,55.86
2024-03-07,Lunch,Roti,372.42,44.69
2024-03-07,Snacks,Tea,222.77,33.42
2024-03-07,Snacks,Snack Item,222.77,22.28
2024-03-08,Breakfast,Rice/Upma,175.19,35.04
2024-03-08,Breakfast,Dal/Curry,175.19,26.28
2024-03-08,Breakfast,Bread,175.19,17.52
2024-03-08,Dinner,Rice,409.52,122.86
2024-03-08,Dinner,Dal,409.52,81.9
2024-03-08,Dinner,Sabzi,409.52,61.43
2024-03-08,Dinner,Roti,409.52,49.14
2024-03-08,Lunch,Rice,368.25,128.89
2024-03-08,Lunch,Dal,368.25,73.65
2024-03-08,Lunch,Sabzi,368.25,55.24
2024-03-08,Lunch,Roti,368.25,44.19
2024-03-08,Snacks,Tea,227.66,34.15
2024-03-08,Snacks,Snack Item,227.66,22.77
2024-03-09,Breakfast,Rice/Upma,164.08,32.82
2024-03-09,Breakfast,Dal/Curry,164.08,24.61
2024-03-09,Breakfast,Bread,164.08,16.41
2024-03-09,Dinner,Rice,409.7,122.91
2024-03-09,Dinner,Dal,409.7,81.94
2024-03-09,Dinner,Sabzi,409.7,61.46
2024-03-09,Dinner,Roti,409.7,49.16
2024-03-09,Lunch,Rice,369.9,129.46
2024-03-09,Lunch,Dal,369.9,73.98
2024-03-09,Lunch,Sabzi,369.9,55.48
2024-03-09,Lunch,Roti,369.9,44.39
2024-03-09,Snacks,Tea,226.08,33.91
2024-03-09,Snacks,Snack Item,226.08,22.61
2024-03-10,Breakfast,Rice/Upma,118.42,23.68
2024-03-10,Breakfast,Dal/Curry,118.42,17.76
2024-03-10,Breakfast,Bread,118.42,11.84
2024-03-10,Dinner,Rice,410.23,123.07
2024-03-10,Dinner,Dal,410.23,82.05
2024-03-10,Dinner,Sabzi,410.23,61.53
2024-03-10,Dinner,Roti,410.23,49.23
2024-03-10,Lunch,Rice,377.3,132.06
2024-03-10,Lunch,Dal,377.3,75.46
2024-03-10,Lunch,Sabzi,377.3,56.6
2024-03-10,Lunch,Roti,377.3,45.28
2024-03-10,Snacks,Tea,225.44,33.82
2024-03-10,Snacks,Snack Item,225.44,22.54
2024-03-11,Breakfast,Rice/Upma,162.38,32.48
2024-03-11,Breakfast,Dal/Curry,162.38,24.36
2024-03-11,Breakfast,Bread,162.38,16.24
2024-03-11,Dinner,Rice,398.91,119.67
2024-03-11,Dinner,Dal,398.91,79.78
2024-03-11,Dinner,Sabzi,398.91,59.84
2024-03-11,Dinner,Roti,398.91,47.87
2024-03-11,Lunch,Rice,364.81,127.68
2024-03-11,Lunch,Dal,364.81,72.96
2024-03-11,Lunch,Sabzi,364.81,54.72
2024-03-11,Lunch,Roti,364.81,43.78
2024-03-11,Snacks,Tea,236.19,35.43
2024-03-11,Snacks,Snack Item,236.19,23.62
2024-03-12,Breakfast,Rice/Upma,172.33,34.47
2024-03-12,Breakfast,Dal/Curry,172.33,25.85
2024-03-12,Breakfast,Bread,172.33,17.23
2024-03-12,Dinner,Rice,413.37,124.01
2024-03-12,Dinner,Dal,413.37,82.67
2024-03-12,Dinner,Sabzi,413.37,62.01
2024-03-12,Dinner,Roti,413.37,49.6
2024-03-12,Lunch,Rice,370.82,129.79
2024-03-12,Lunch,Dal,370.82,74.16
2024-03-12,Lunch,Sabzi,370.82,55.62
2024-03-12,Lunch,Roti,370.82,44.5
2024-03-12,Snacks,Tea,213.52,32.03
2024-03-12,Snacks,Snack Item,213.52,21.35
2024-03-13,Breakfast,Rice/Upma,169.59,33.92
2024-03-13,Breakfast,Dal/Curry,169.59,25.44
2024-03-13,Breakfast,Bread,169.59,16.96
2024-03-13,Dinner,Rice,407.6,122.28
2024-03-13,Dinner,Dal,407.6,81.52
2024-03-13,Dinner,Sabzi,407.6,61.14
2024-03-13,Dinner,Roti,407.6,48.91
2024-03-13,Lunch,Rice,371.84,130.14
2024-03-13,Lunch,Dal,371.84,74.37
2024-03-13,Lunch,Sabzi,371.84,55.78
2024-03-13,Lunch,Roti,371.84,44.62
2024-03-13,Snacks,Tea,227.36,34.1
2024-03-13,Snacks,Snack Item,227.36,22.74
2024-03-14,Breakfast,Rice/Upma,175.44,35.09
2024-03-14,Breakfast,Dal/Curry,175.44,26.32
2024-03-14,Breakfast,Bread,175.44,17.54
2024-03-14,Dinner,Rice,408.64,122.59
2024-03-14,Dinner,Dal,408.64,81.73
2024-03-14,Dinner,Sabzi,408.64,61.3
2024-03-14,Dinner,Roti,408.64,49.04
2024-03-14,Lunch,Rice,373.05,130.57
2024-03-14,Lunch,Dal,373.05,74.61
2024-03-14,Lunch,Sabzi,373.05,55.96
2024-03-14,Lunch,Roti,373.05,44.77
2024-03-14,Snacks,Tea,222.64,33.4
2024-03-14,Snacks,Snack Item,222.64,22.26
2024-03-15,Breakfast,Rice/Upma,142.21,28.44
2024-03-15,Breakfast,Dal/Curry,142.21,21.33
2024-03-15,Breakfast,Bread,142.21,14.22
2024-03-15,Dinner,Rice,415.12,124.54
2024-03-15,Dinner,Dal,415.12,83.02
2024-03-15,Dinner,Sabzi,415.12,62.27
2024-03-15,Dinner,Roti,415.12,49.81
2024-03-15,Lunch,Rice,368.74,129.06
2024-03-15,Lunch,Dal,368.74,73.75
2024-03-15,Lunch,Sabzi,368.74,55.31
2024-03-15,Lunch,Roti,368.74,44.25
2024-03-15,Snacks,Tea,220.85,33.13
2024-03-15,Snacks,Snack Item,220.85,22.08
2024-03-16,Breakfast,Rice/Upma,178.89,35.78
2024-03-16,Breakfast,Dal/Curry,178.89,26.83
2024-03-16,Breakfast,Bread,178.89,17.89
2024-03-16,Dinner,Rice,421.96,126.59
2024-03-16,Dinner,Dal,421.96,84.39
2024-03-16,Dinner,Sabzi,421.96,63.29
2024-03-16,Dinner,Roti,421.96,50.64
2024-03-16,Lunch,Rice,368.93,129.13
2024-03-16,Lunch,Dal,368.93,73.79
2024-03-16,Lunch,Sabzi,368.93,55.34
2024-03-16,Lunch,Roti,368.93,44.27
2024-03-16,Snacks,Tea,223.04,33.46
2024-03-16,Snacks,Snack Item,223.04,22.3
2024-03-17,Breakfast,Rice/Upma,119.67,23.93
2024-03-17,Breakfast,Dal/Curry,119.67,17.95
2024-03-17,Breakfast,Bread,119.67,11.97
2024-03-17,Dinner,Rice,408.47,122.54
2024-03-17,Dinner,Dal,408.47,81.69
2024-03-17,Dinner,Sabzi,408.47,61.27
2024-03-17,Dinner,Roti,408.47,49.02
2024-03-17,Lunch,Rice,378.46,132.46
2024-03-17,Lunch,Dal,378.46,75.69
2024-03-17,Lunch,Sabzi,378.46,56.77
2024-03-17,Lunch,Roti,378.46,45.42
2024-03-17,Snacks,Tea,205.34,30.8
2024-03-17,Snacks,Snack Item,205.34,20.53
2024-03-18,Breakfast,Rice/Upma,156.48,31.3
2024-03-18,Breakfast,Dal/Curry,156.48,23.47
2024-03-18,Breakfast,Bread,156.48,15.65
2024-03-18,Dinner,Rice,421.54,126.46
2024-03-18,Dinner,Dal,421.54,84.31
2024-03-18,Dinner,Sabzi,421.54,63.23
2024-03-18,Dinner,Roti,421.54,50.58
2024-03-18,Lunch,Rice,368.0,128.8
2024-03-18,Lunch,Dal,368.0,73.6
2024-03-18,Lunch,Sabzi,368.0,55.2
2024-03-18,Lunch,Roti,368.0,44.16
2024-03-18,Snacks,Tea,213.22,31.98
2024-03-18,Snacks,Snack Item,213.22,21.32
2024-03-19,Breakfast,Rice/Upma,171.98,34.4
2024-03-19,Breakfast,Dal/Curry,171.98,25.8
2024-03-19,Breakfast,Bread,171.98,17.2
2024-03-19,Dinner,Rice,419.34,125.8
2024-03-19,Dinner,Dal,419.34,83.87
2024-03-19,Dinner,Sabzi,419.34,62.9
2024-03-19,Dinner,Roti,419.34,50.32
2024-03-19,Lunch,Rice,381.8,133.63
2024-03-19,Lunch,Dal,381.8,76.36
2024-03-19,Lunch,Sabzi,381.8,57.27
2024-03-19,Lunch,Roti,381.8,45.82
2024-03-19,Snacks,Tea,223.1,33.47
2024-03-19,Snacks,Snack Item,223.1,22.31
2024-03-20,Breakfast,Rice/Upma,180.11,36.02
2024-03-20,Breakfast,Dal/Curry,180.11,27.02
2024-03-20,Breakfast,Bread,180.11,18.01
2024-03-20,Dinner,Rice,397.52,119.26
2024-03-20,Dinner,Dal,397.52,79.5
2024-03-20,Dinner,Sabzi,397.52,59.63
2024-03-20,Dinner,Roti,397.52,47.7
2024-03-20,Lunch,Rice,376.88,131.91
2024-03-20,Lunch,Dal,376.88,75.38
2024-03-20,Lunch,Sabzi,376.88,56.53
2024-03-20,Lunch,Roti,376.88,45.23
2024-03-20,Snacks,Tea,229.38,34.41
2024-03-20,Snacks,Snack Item,229.38,22.94
2024-03-21,Breakfast,Rice/Upma,152.81,30.56
2024-03-21,Breakfast,Dal/Curry,152.81,22.92
2024-03-21,Breakfast,Bread,152.81,15.28
2024-03-21,Dinner,Rice,417.8,125.34
2024-03-21,Dinner,Dal,417.8,83.56
2024-03-21,Dinner,Sabzi,417.8,62.67
2024-03-21,Dinner,Roti,417.8,50.14
2024-03-21,Lunch,Rice,382.99,134.05
2024-03-21,Lunch,Dal,382.99,76.6
2024-03-21,Lunch,Sabzi,382.99,57.45
2024-03-21,Lunch,Roti,382.99,45.96
2024-03-21,Snacks,Tea,212.08,31.81
2024-03-21,Snacks,Snack Item,212.08,21.21
2024-03-22,Breakfast,Rice/Upma,171.1,34.22
2024-03-22,Breakfast,Dal/Curry,171.1,25.66
2024-03-22,Breakfast,Bread,171.1,17.11
2024-03-22,Dinner,Rice,418.47,125.54
2024-03-22,Dinner,Dal,418.47,83.69
2024-03-22,Dinner,Sabzi,418.47,62.77
2024-03-22,Dinner,Roti,418.47,50.22
2024-03-22,Lunch,Rice,376.58,131.8
2024-03-22,Lunch,Dal,376.58,75.32
2024-03-22,Lunch,Sabzi,376.58,56.49
2024-03-22,Lunch,Roti,376.58,45.19
2024-03-22,Snacks,Tea,224.61,33.69
2024-03-22,Snacks,Snack Item,224.61,22.46
2024-03-23,Breakfast,Rice/Upma,144.37,28.87
2024-03-23,Breakfast,Dal/Curry,144.37,21.66
2024-03-23,Breakfast,Bread,144.37,14.44
2024-03-23,Dinner,Rice,415.93,124.78
2024-03-23,Dinner,Dal,415.93,83.19
2024-03-23,Dinner,Sabzi,415.93,62.39
2024-03-23,Dinner,Roti,415.93,49.91
2024-03-23,Lunch,Rice,392.6,137.41
2024-03-23,Lunch,Dal,392.6,78.52
2024-03-23,Lunch,Sabzi,392.6,58.89
2024-03-23,Lunch,Roti,392.6,47.11
2024-03-23,Snacks,Tea,210.04,31.51
2024-03-23,Snacks,Snack Item,210.04,21.0
2024-03-24,Breakfast,Rice/Upma,113.25,22.65
2024-03-24,Breakfast,Dal/Curry,113.25,16.99
2024-03-24,Breakfast,Bread,113.25,11.32
2024-03-24,Dinner,Rice,411.05,123.32
2024-03-24,Dinner,Dal,411.05,82.21
2024-03-24,Dinner,Sabzi,411.05,61.66
2024-03-24,Dinner,Roti,411.05,49.33
2024-03-24,Lunch,Rice,384.43,134.55
2024-03-24,Lunch,Dal,384.43,76.89
2024-03-24,Lunch,Sabzi,384.43,57.66
2024-03-24,Lunch,Roti,384.43,46.13
2024-03-24,Snacks,Tea,232.13,34.82
2024-03-24,Snacks,Snack Item,232.13,23.21
2024-03-25,Breakfast,Rice/Upma,159.52,31.9
2024-03-25,Breakfast,Dal/Curry,159.52,23.93
2024-03-25,Breakfast,Bread,159.52,15.95
2024-03-25,Dinner,Rice,417.16,125.15
2024-03-25,Dinner,Dal,417.16,83.43
2024-03-25,Dinner,Sabzi,417.16,62.57
2024-03-25,Dinner,Roti,417.16,50.06
2024-03-25,Lunch,Rice,378.76,132.57
2024-03-25,Lunch,Dal,378.76,75.75
2024-03-25,Lunch,Sabzi,378.76,56.81
2024-03-25,Lunch,Roti,378.76,45.45
2024-03-25,Snacks,Tea,223.05,33.46
2024-03-25,Snacks,Snack Item,223.05,22.3
2024-03-26,Breakfast,Rice/Upma,167.86,33.57
2024-03-26,Breakfast,Dal/Curry,167.86,25.18
2024-03-26,Breakfast,Bread,167.86,16.79
2024-03-26,Dinner,Rice,406.5,121.95
2024-03-26,Dinner,Dal,406.5,81.3
2024-03-26,Dinner,Sabzi,406.5,60.98
2024-03-26,Dinner,Roti,406.5,48.78
2024-03-26,Lunch,Rice,377.15,132.0
2024-03-26,Lunch,Dal,377.15,75.43
2024-03-26,Lunch,Sabzi,377.15,56.57
2024-03-26,Lunch,Roti,377.15,45.26
2024-03-26,Snacks,Tea,217.54,32.63
2024-03-26,Snacks,Snack Item,217.54,21.75
2024-03-27,Breakfast,Rice/Upma,147.58,29.52
2024-03-27,Breakfast,Dal/Curry,147.58,22.14
2024-03-27,Breakfast,Bread,147.58,14.76
2024-03-27,Dinner,Rice,416.28,124.88
2024-03-27,Dinner,Dal,416.28,83.26
2024-03-27,Dinner,Sabzi,416.28,62.44
2024-03-27,Dinner,Roti,416.28,49.95
2024-03-27,Lunch,Rice,374.19,130.97
2024-03-27,Lunch,Dal,374.19,74.84
2024-03-27,Lunch,Sabzi,374.19,56.13
2024-03-27,Lunch,Roti,374.19,44.9
2024-03-27,Snacks,Tea,213.55,32.03
2024-03-27,Snacks,Snack Item,213.55,21.36
2024-03-28,Breakfast,Rice/Upma,170.79,34.16
2024-03-28,Breakfast,Dal/Curry,170.79,25.62
2024-03-28,Breakfast,Bread,170.79,17.08
2024-03-28,Dinner,Rice,413.61,124.08
2024-03-28,Dinner,Dal,413.61,82.72
2024-03-28,Dinner,Sabzi,413.61,62.04
2024-03-28,Dinner,Roti,413.61,49.63
2024-03-28,Lunch,Rice,378.67,132.53
2024-03-28,Lunch,Dal,378.67,75.73
2024-03-28,Lunch,Sabzi,378.67,56.8
2024-03-28,Lunch,Roti,378.67,45.44
2024-03-28,Snacks,Tea,219.11,32.87
2024-03-28,Snacks,Snack Item,219.11,21.91
2024-03-29,Breakfast,Rice/Upma,165.89,33.18
2024-03-29,Breakfast,Dal/Curry,165.89,24.88
2024-03-29,Breakfast,Bread,165.89,16.59
2024-03-29,Dinner,Rice,417.13,125.14
2024-03-29,Dinner,Dal,417.13,83.43
2024-03-29,Dinner,Sabzi,417.13,62.57
2024-03-29,Dinner,Roti,417.13,50.06
2024-03-29,Lunch,Rice,360.43,126.15
2024-03-29,Lunch,Dal,360.43,72.09
2024-03-29,Lunch,Sabzi,360.43,54.06
2024-03-29,Lunch,Roti,360.43,43.25
2024-03-29,Snacks,Tea,226.0,33.9
2024-03-29,Snacks,Snack Item,226.0,22.6
2024-03-30,Breakfast,Rice/Upma,169.31,33.86
2024-03-30,Breakfast,Dal/Curry,169.31,25.4
2024-03-30,Breakfast,Bread,169.31,16.93
2024-03-30,Dinner,Rice,414.27,124.28
2024-03-30,Dinner,Dal,414.27,82.85
2024-03-30,Dinner,Sabzi,414.27,62.14
2024-03-30,Dinner,Roti,414.27,49.71
2024-03-30,Lunch,Rice,365.25,127.84
2024-03-30,Lunch,Dal,365.25,73.05
2024-03-30,Lunch,Sabzi,365.25,54.79
2024-03-30,Lunch,Roti,365.25,43.83
2024-03-30,Snacks,Tea,223.16,33.47
2024-03-30,Snacks,Snack Item,223.16,22.32
2024-03-31,Breakfast,Rice/Upma,133.75,26.75
2024-03-31,Breakfast,Dal/Curry,133.75,20.06
2024-03-31,Breakfast,Bread,133.75,13.38
2024-03-31,Dinner,Rice,404.79,121.44
2024-03-31,Dinner,Dal,404.79,80.96
2024-03-31,Dinner,Sabzi,404.79,60.72
2024-03-31,Dinner,Roti,404.79,48.57
2024-03-31,Lunch,Rice,361.04,126.36
2024-03-31,Lunch,Dal,361.04,72.21
2024-03-31,Lunch,Sabzi,361.04,54.16
2024-03-31,Lunch,Roti,361.04,43.32
2024-03-31,Snacks,Tea,230.42,34.56
2024-03-31,Snacks,Snack Item,230.42,23.04
